{
  "result": [
    {
      "time": "19:30",
      "day": "26",
      "month": "Apr",
      "size": "4096",
      "group": "860",
      "user": "folderdemo@zendelsolutions.com",
      "number": "4",
      "rights": "drwxr-xr-x",
      "type": "dir",
      "name": "configs",
      "date": "2016-04-27 11:07:18"
    },
    {
      "time": "08:09",
      "day": "27",
      "month": "Apr",
      "size": "4096",
      "group": "860",
      "user": "folderdemo@zendelsolutions.com",
      "number": "9",
      "rights": "drwxr-xr-x",
      "type": "dir",
      "name": "gh;k",
      "date": "2016-04-27 11:07:18"
    },
    {
      "time": "23:57",
      "day": "26",
      "month": "Apr",
      "size": "4096",
      "group": "860",
      "user": "folderdemo@zendelsolutions.com",
      "number": "6",
      "rights": "drwxr-xr-x",
      "type": "dir",
      "name": "img",
      "date": "2016-04-27 11:07:18"
    },
    {
      "time": "10:56",
      "day": "27",
      "month": "Apr",
      "size": "4096",
      "group": "860",
      "user": "folderdemo@zendelsolutions.com",
      "number": "2",
      "rights": "drwxr-xr-x",
      "type": "dir",
      "name": "new",
      "date": "2016-04-27 11:07:18"
    },
    {
      "time": "05:25",
      "day": "27",
      "month": "Apr",
      "size": "4096",
      "group": "860",
      "user": "folderdemo@zendelsolutions.com",
      "number": "2",
      "rights": "drwxr-xr-x",
      "type": "dir",
      "name": "plfdoesifeajsif",
      "date": "2016-04-27 11:07:18"
    },
    {
      "time": "01:46",
      "day": "26",
      "month": "Apr",
      "size": "4096",
      "group": "860",
      "user": "folderdemo@zendelsolutions.com",
      "number": "4",
      "rights": "drwxr-xr-x",
      "type": "dir",
      "name": "script",
      "date": "2016-04-27 11:07:18"
    },
    {
      "time": "23:58",
      "day": "26",
      "month": "Apr",
      "size": "4096",
      "group": "860",
      "user": "folderdemo@zendelsolutions.com",
      "number": "3",
      "rights": "drwxr-xr-x",
      "type": "dir",
      "name": "test",
      "date": "2016-04-27 11:07:18"
    },
    {
      "time": "21:28",
      "day": "26",
      "month": "Apr",
      "size": "52045",
      "group": "860",
      "user": "folderdemo@zendelsolutions.com",
      "number": "1",
      "rights": "-rw-r--r--",
      "type": "file",
      "name": "13007253_602698613213323_7999351059215264905_n.jpg",
      "date": "2016-04-27 11:07:18"
    },
    {
      "time": "21:28",
      "day": "26",
      "month": "Apr",
      "size": "45504",
      "group": "860",
      "user": "folderdemo@zendelsolutions.com",
      "number": "1",
      "rights": "-rw-r--r--",
      "type": "file",
      "name": "1__123_.jpg",
      "date": "2016-04-27 11:07:18"
    },
    {
      "time": "13:48",
      "day": "18",
      "month": "Apr",
      "size": "9588",
      "group": "860",
      "user": "folderdemo@zendelsolutions.com",
      "number": "1",
      "rights": "-rw-r--r--",
      "type": "file",
      "name": "3.txt",
      "date": "2016-04-27 11:07:18"
    },
    {
      "time": "21:28",
      "day": "26",
      "month": "Apr",
      "size": "49621",
      "group": "860",
      "user": "folderdemo@zendelsolutions.com",
      "number": "1",
      "rights": "-rw-r--r--",
      "type": "file",
      "name": "399942_136627843126455_1793336247_n.jpg",
      "date": "2016-04-27 11:07:18"
    },
    {
      "time": "13:48",
      "day": "18",
      "month": "Apr",
      "size": "2810",
      "group": "860",
      "user": "folderdemo@zendelsolutions.com",
      "number": "1",
      "rights": "-rw-r--r--",
      "type": "file",
      "name": "8 Data_Collection.txt",
      "date": "2016-04-27 11:07:18"
    },
    {
      "time": "01:29",
      "day": "27",
      "month": "Apr",
      "size": "156826",
      "group": "860",
      "user": "folderdemo@zendelsolutions.com",
      "number": "1",
      "rights": "-rw-r--r--",
      "type": "file",
      "name": "KOKkwNm.jpg",
      "date": "2016-04-27 11:07:18"
    },
    {
      "time": "05:26",
      "day": "27",
      "month": "Apr",
      "size": "0",
      "group": "860",
      "user": "folderdemo@zendelsolutions.com",
      "number": "1",
      "rights": "-rw-r--r--",
      "type": "file",
      "name": "plfdoesifeajsiffsfd.zip",
      "date": "2016-04-27 11:07:18"
    },
    {
      "time": "01:29",
      "day": "27",
      "month": "Apr",
      "size": "362083",
      "group": "860",
      "user": "folderdemo@zendelsolutions.com",
      "number": "1",
      "rights": "-rw-r--r--",
      "type": "file",
      "name": "s6kKAem.jpg",
      "date": "2016-04-27 11:07:18"
    }
  ]
}
