<?xml version='1.0' encoding='UTF-8'?><metaData xmlns="http://dhis2.org/schema/dxf/2.0" created="2017-02-16T09:31:11.525+0000"><sqlViews><sqlView name="getDatasetId" created="2017-02-13T12:39:56.459+0000" lastUpdated="2017-02-13T12:39:56.459+0000" id="hjJqUbcxXxO"><externalAccess>false</externalAccess><publicAccess>rw------</publicAccess><user name="Admin Admin" created="2014-05-14T07:34:35.746+0000" lastUpdated="2016-11-28T09:30:09.528+0000" id="Q8j4dvRxeOY"><externalAccess>false</externalAccess></user><description>Get datasetid from UID</description><sqlQuery>select datasetid from dataset where uid='${uid}'</sqlQuery><type>QUERY</type><cacheStrategy>RESPECT_SYSTEM_SETTING</cacheStrategy></sqlView></sqlViews></metaData>